{"val_loss": [0.7497933887420817, 0.7450299092701503, 0.7432890626797197, 0.7379855446540113, 0.7435927608455206, 0.7341537270864817, 0.7392162921580863, 0.7481362212755035, 0.7593626776727137, 0.7569078324775927, 0.7766334624638311, 0.7929881566563638, 0.7926901443026348, 0.794926674713842, 0.7907043943651542, 0.7808175213793491, 0.7842988917168151, 0.7791294855912043, 0.779922558181554, 0.7795271070894861], "loss": [0.8351062449013315, 0.7156620432690877, 0.6939877809547796, 0.6785136650248271, 0.6625919123975242, 0.646727814906981, 0.6319745590047139, 0.6094910458820623, 0.5889156955044444, 0.5676364709691304, 0.5421032178692702, 0.5160778215745601, 0.4852821245426085, 0.4644866694764393, 0.44297595867296546, 0.4290087797292849, 0.4107152703331738, 0.39332750948463996, 0.38448923535463286, 0.37374582814007273]}