{"val_loss": [0.7093485489443431, 0.7156572419741033, 0.7330397846790733, 0.7577903175212509, 0.7512866891810024, 0.7398656129129563, 0.749672805166386, 0.7473898307152247, 0.7602916593367692, 0.7993353108270232, 0.7643662006635694, 0.7654890881447834, 0.767558697953776, 0.780014390054018, 0.7953740321210301, 0.7843577267508125, 0.8162238245901793, 0.820457581773356, 0.7879356255517161, 0.8149583276018545], "loss": [0.8062099854742284, 0.7189059647928826, 0.7021906764977041, 0.6840256339998494, 0.668650471366471, 0.6482571299634459, 0.6329873059762011, 0.611739832317962, 0.5899749468250346, 0.5847122404211959, 0.5633876425182952, 0.5584706033029521, 0.5297050706959125, 0.51441465742526, 0.4931786806166837, 0.4784464439938059, 0.46280344963960046, 0.45168690734636385, 0.4532045101587657, 0.4257890781394611]}