{"val_loss": [0.7239331049452196, 0.7237305940081882, 0.7342365943005955, 0.7361422653368036, 0.7612364946557789, 0.7651952379535143, 0.7254167554640275, 0.7432249655355686, 0.7342842935808335, 0.7481632381235457, 0.745595317389208, 0.7790567132061242, 0.7540676146303511, 0.7609792226146166, 0.760912579669443, 0.7605127637393396, 0.7813220078938086, 0.7733346943685492, 0.7700479225164352, 0.7773879660343204], "loss": [0.8402757298104382, 0.7433312051358276, 0.7087837079200603, 0.6982090062368315, 0.6785987797722941, 0.6631332974894782, 0.6486805590998285, 0.6382511916213762, 0.6197218808985997, 0.6001657103517242, 0.5819514518333634, 0.5673387310318787, 0.551276155165137, 0.5315592004464018, 0.5257000570403599, 0.5112620676095601, 0.4870755598890737, 0.46590376254794325, 0.45481283791003174, 0.45050195608440385]}