{"val_loss": [0.7181321920202465, 0.7314378054983892, 0.7231130101206749, 0.7359110536136684, 0.7328846986994192, 0.74562441630604, 0.7431615948323326, 0.7440621237372786, 0.7303838047146444, 0.73862024213157, 0.7453952490045338, 0.790219662097512, 0.7567938116962195, 0.7468904681304795, 0.7741895570953098, 0.7510060310717507, 0.7491207315589271, 0.7609231201406756, 0.762620582778659, 0.7747379313236882], "loss": [0.8807328343391418, 0.7329373222744597, 0.7103896301918313, 0.6884957495232054, 0.6791638739046997, 0.6630704389628868, 0.652781394467478, 0.6419810716990645, 0.6260091464758806, 0.607069370338908, 0.5962230433318695, 0.5825027176438654, 0.5617425704977326, 0.5500038643751889, 0.5397848285263799, 0.5212427702313462, 0.49802914529928044, 0.49575301207131167, 0.47202802103248226, 0.46891815077416515]}