{"val_loss": [0.3374711135374686, 0.146677720263733, 0.12518468813125033, 0.21036845949707825, 0.25578914878983877, 0.15077583991455396, 0.14401783248083527, 0.1122540682554245, 0.11837442004804441, 0.1371322104856593, 0.13680877036882083, 0.2410194007154742, 0.1256633695181824, 0.21096667474915082, 0.2164561833401462, 0.13353324913660214, 0.2194407166642322, 0.13275230930184045, 0.15984748127021847, 0.18747994263907922], "loss": [0.4312121936379755, 0.1897574408789993, 0.1834121665103728, 0.1725477004582997, 0.16808675902040474, 0.17549782890591037, 0.161919735532711, 0.1572082123348704, 0.1661261468571801, 0.18031985839503406, 0.13842194036037062, 0.14636579539252922, 0.15793119163761352, 0.13112728812880675, 0.14836354499412735, 0.1386300240861439, 0.13496820438085436, 0.13789617572132096, 0.1330160516345368, 0.14703063056371468]}