{"val_loss": [0.34189318098371035, 0.20748468300532164, 0.2514122427394199, 0.17853595771846148, 0.18979239331154865, 0.15452844099050458, 0.15645479262759496, 0.11842664196335598, 0.09004278324035933, 0.2269891928494507, 0.13228568854777678, 0.12705509338074691, 0.12518758589860593, 0.11519499870365381, 0.07413557675896483, 0.10604509059063405, 0.07876938873299505, 0.1472887941567056, 0.10200601325367607, 0.0874667772553441], "loss": [0.4335207684554132, 0.1964760902424284, 0.19258875589831612, 0.1830422223279024, 0.1753665967058515, 0.17467302021927106, 0.16385012435204035, 0.15964388940414087, 0.14393655828383775, 0.14814804145394647, 0.17691200094152118, 0.1350030128397463, 0.14626894427054876, 0.13019416168276704, 0.1259004987748582, 0.12761205780461818, 0.12565650476842122, 0.12839885289784259, 0.1313356937528986, 0.11363959073134071]}