{"val_loss": [0.6606947972967818, 0.6780982286006481, 0.6625456870855154, 0.6785833855291029, 0.6849020939689499, 0.7096228624607349, 0.7329947219954597, 0.714612605693462, 0.7330121016717172, 0.7296369673611524], "loss": [0.7290338903912214, 0.6424458012982721, 0.6232145791039421, 0.610230842867321, 0.5885555775117121, 0.5767895695497615, 0.5547655056166954, 0.5378000369818252, 0.5177525994336363, 0.5030439248024027]}