{"val_loss": [0.6597748312626617, 0.6506672956950545, 0.6642234135518031, 0.6677702463130332, 0.6646834351671832, 0.681342818744063, 0.6738482108861648, 0.6957912909246124, 0.6949417654391938, 0.699391857185195, 0.7286389174714553, 0.7260293524525511, 0.7155338226869746, 0.736613895864965, 0.7168889687476256, 0.7174610145675749, 0.7147679348259197, 0.7146197246239249, 0.7150127267063895, 0.7221184114439297], "loss": [0.8151793449962923, 0.6987471342615437, 0.6787833951176843, 0.665556680160545, 0.652832400684258, 0.6340860026638683, 0.622441801686509, 0.6039584324435666, 0.5957141631810822, 0.5765408726859251, 0.5626537073830367, 0.5473573256534554, 0.5249353352733127, 0.5018922999358054, 0.48818183286667577, 0.46294177873700265, 0.4726659598301185, 0.4470982352452021, 0.4252642425051109, 0.4143343852655322]}