{"val_loss": [0.624387535921544, 0.6290678479197471, 0.6291927253103398, 0.6385642905617326, 0.6543970824349175, 0.6602282807098299, 0.6745163191673663, 0.6898164542209501, 0.7090934132963684, 0.7230199808890458, 0.7234570642253412, 0.7279250091190508, 0.7467228504953469, 0.7511847930067724, 0.760674970440058, 0.7653084641394347, 0.7827902781149754, 0.7771437787160675, 0.776749762300214, 0.7747791819827139], "loss": [0.656016726963582, 0.6517195012932816, 0.643958918224037, 0.6295148483882607, 0.6142135061295946, 0.5972454778323829, 0.5710913370533061, 0.5421477040393645, 0.5030358834780725, 0.4657565351755646, 0.4425732564084149, 0.4117112811834839, 0.365712137005143, 0.3298942483933885, 0.3064947364554086, 0.27799862044894563, 0.2574859952561031, 0.23310674135348167, 0.2111520315302349, 0.2034277474791587]}