{"val_loss": [0.6379177828570856, 0.6621807364398719, 0.6544271799506349, 0.6170035671409584, 0.651894011377227, 0.6316206449924662, 0.6150929503341811, 0.6358146743533873, 0.6379681254352944, 0.6258675429516801, 0.6295469192793532, 0.6381901548595033, 0.6253223921495659, 0.6342621401438727, 0.6315534199734469, 0.63763098458508, 0.6321378558962565, 0.6339930172136347, 0.6484549188826134, 0.6495491008022772], "loss": [0.765126221109057, 0.6701549842011972, 0.6571914736223043, 0.6516598212009912, 0.6511030023869085, 0.6503125055128757, 0.6468492098678886, 0.643966185315391, 0.6409561059953555, 0.6462194807910565, 0.6371075271673805, 0.6347274220122724, 0.6314301084851687, 0.6247600560073072, 0.621191354622185, 0.6194557804600457, 0.6116193148726424, 0.6030203020705609, 0.6020892181804189, 0.5977504959780044]}